0,1,2,3,4,5,6,7
SCRIP,LDCP,OPEN,HIGH,LOW,CURRENT,CHANGE,VOLUME
AL-Ghazi Tractors,402.41,386.0,409.0,386.0,399.0,-3.41,"3,543"
Atlas Honda Ltd,"1,166.02",1167.0,1179.9,1160.0,1170.22,4.2,"3,626"
Dewan Motors,32.75,33.75,36.03,33.5,36.03,3.28,"3,425,976"
Ghandhara Automobile,478.59,479.0,485.5,479.0,480.8,2.21,"490,334"
Ghandhara Ind.,707.30,708.0,715.98,692.9,697.0,-10.3,"271,854"
Hinopak Motor,342.24,343.0,345.0,340.0,340.0,-2.24,"2,326"
Honda Atlas Cars,284.38,287.0,292.64,283.01,288.5,4.12,"471,423"
Indus Motor Co.XD,"1,935.55",1935.0,1948.0,1935.0,1940.65,5.1,541
Millat Tractors,588.19,592.0,592.0,584.01,586.0,-2.19,"20,254"
Sazgar Engineering,"1,318.54",1322.86,1340.0,1306.0,1334.0,15.46,"202,945"
SCRIP,LDCP,OPEN,HIGH,LOW,CURRENT,CHANGE,VOLUME
Agriautos Ind.,110.00,110.03,114.99,109.99,110.01,0.01,"25,011"
Atlas Battery,257.00,258.99,259.99,255.0,257.05,0.05,"4,416"
Bal.Wheels,134.53,134.53,135.9,134.0,134.0,-0.53,"1,389"
Bela Automotive,132.60,132.82,142.99,132.81,134.99,2.39,165
Dewan Auto Engg,28.05,28.3,28.95,28.29,28.5,0.45,"1,513"
Exide (PAK),781.68,788.88,797.0,780.0,788.0,6.32,"2,613"
Ghandhara Tyre,36.90,36.99,38.0,36.99,37.6,0.7,"274,057"
Loads Limited,14.86,14.9,15.25,14.65,15.09,0.23,"473,074"
Panther Tyres Ltd.,40.03,40.88,40.9,39.65,39.99,-0.04,"2,449"
Thal Limited,387.40,388.0,388.0,361.0,383.99,-3.41,"5,893"
Treet Battery Ltd.,10.96,10.99,11.09,10.84,10.86,-0.1,"670,228"
SCRIP,LDCP,OPEN,HIGH,LOW,CURRENT,CHANGE,VOLUME
Fast Cables Ltd.,21.54,21.8,21.9,21.51,21.8,0.26,"175,025"
Pak Elektron,45.30,45.4,45.95,44.8,45.75,0.45,"1,864,787"
Pakistan Cables-,154.18,154.7,155.0,154.0,155.0,0.82,"2,001"
Waves Corp Ltd.,7.50,7.5,7.6,7.41,7.45,-0.05,"190,557"
Waves Home App,9.05,9.16,9.23,8.88,9.0,-0.05,"672,673"
SCRIP,LDCP,OPEN,HIGH,LOW,CURRENT,CHANGE,VOLUME
Attock Cement,278.70,279.0,301.0,276.0,296.51,17.81,"414,446"
Bestway Cement,403.28,401.0,405.0,401.0,401.63,-1.65,"6,290"
Cherat Cement,274.22,274.89,279.0,271.07,278.0,3.78,"517,117"
D.G.K.Cement,150.74,150.01,154.45,148.15,153.25,2.51,"7,316,517"
Dadabhoy Cement,4.80,4.88,4.88,4.55,4.8,,"2,025"
Dandot Cement,14.25,14.3,14.95,14.25,14.8,0.55,"57,316"
Dewan Cement,10.44,10.6,10.75,10.21,10.65,0.21,"2,923,725"
Fauji Cement,47.53,47.53,49.85,47.2,48.78,1.25,"24,547,119"
Fecto Cement,72.03,73.0,76.0,72.2,76.0,3.97,"62,189"
Flying Cement,40.87,42.8,44.96,42.3,44.96,4.09,"1,934,922"
Gharibwal CementXD,41.03,41.49,43.25,40.5,42.6,1.57,"998,912"
Kohat Cement,384.11,382.01,389.9,382.01,387.01,2.9,"44,610"
Lucky Cement,351.19,364.95,364.95,355.1,357.2,6.01,"2,633,927"
Maple Leaf,75.92,75.92,77.5,74.8,76.3,0.38,"7,644,836"
Pioneer Cement,217.96,218.0,219.75,216.98,219.3,1.34,"27,044"
Power Cem(Pref),15.35,16.89,16.89,16.89,16.89,1.54,100
Power Cement,15.13,15.15,15.55,14.99,15.27,0.14,"3,473,482"
Safe Mix Con.Ltd,16.43,16.7,17.24,16.7,17.24,0.81,"29,468"
Thatta Cement,179.68,179.68,183.9,176.0,182.0,2.32,"338,796"
SCRIP,LDCP,OPEN,HIGH,LOW,CURRENT,CHANGE,VOLUME
Archroma Pak,418.06,421.03,421.03,417.0,417.0,-1.06,"2,902"
Bawany Air Pro(DEF.),33.18,34.84,36.35,33.0,35.58,2.4,"102,232"
Berger Paints,91.80,92.33,92.4,91.15,92.3,0.5,"11,664"
Biafo IndustriesXD,174.84,170.05,174.95,170.05,174.95,0.11,736
Buxly Paints,111.01,108.0,108.1,108.0,108.0,-3.01,"1,215"
Descon Oxychem,25.52,25.42,25.88,25.25,25.87,0.35,"106,782"
Dynea Pakistan,217.41,222.99,222.99,216.0,220.05,2.64,"2,387"
Engro Polymer,29.98,30.25,30.4,30.05,30.3,0.32,"214,391"
Ghani Chemical,17.31,17.4,18.25,16.86,18.2,0.89,"5,368,556"
Ghani Chemworld,7.14,7.28,7.54,6.88,7.53,0.39,"1,184,263"
Ghani Glo Hol,12.77,12.81,13.63,12.57,13.4,0.63,"1,544,611"
Ittehad Chemicals,75.04,72.01,73.34,67.54,72.11,-2.93,"8,337"
Leiner Pak Gelat,106.77,109.99,109.99,104.55,106.5,-0.27,"6,160"
Lotte Chemical,18.39,18.4,18.91,18.05,18.75,0.36,"338,444"
Lucky Core Ind.,"1,557.37",1588.7,1588.9,1560.0,1568.0,10.63,"32,632"
Nimir Ind.ChemXD,152.90,153.85,157.95,148.05,148.1,-4.8,284
Nimir Resins,32.68,33.0,34.9,32.9,34.21,1.53,"171,285"
Pak Oxygen Ltd.,156.33,154.0,159.99,153.0,159.99,3.66,"2,263"
Pak.P.V.C.,7.40,7.1,7.1,7.1,7.1,-0.3,6
Sardar Chemical,33.41,33.3,33.3,33.3,33.3,-0.11,1
Sitara Peroxide,12.38,11.75,12.01,11.75,12.01,-0.37,"27,220"
SCRIP,LDCP,OPEN,HIGH,LOW,CURRENT,CHANGE,VOLUME
HBL Growth Fund,9.31,9.5,9.69,9.16,9.68,0.37,"31,625"
HBL Invest Fund,3.40,3.42,3.45,3.28,3.45,0.05,"4,041"
Tri-Star Mutual,8.12,8.94,8.94,7.77,8.87,0.75,601
SCRIP,LDCP,OPEN,HIGH,LOW,CURRENT,CHANGE,VOLUME
Allied Bank LtdXD,127.84,127.0,128.5,127.0,127.99,0.15,"42,276"
Askari Bank,44.01,44.45,44.45,43.25,44.0,-0.01,"84,567"
B.O.Punjab,9.96,10.0,10.1,9.7,10.02,0.06,"8,712,502"
Bank Al-Falah,74.65,74.56,74.85,74.0,74.4,-0.25,"144,611"
Bank AL-HabibXD,140.01,140.0,140.5,139.02,139.25,-0.76,"25,268"
Bank Makramah,3.51,3.45,3.69,3.42,3.52,0.01,"91,600"
Bank Of Khyber,14.80,15.4,15.4,14.07,14.5,-0.3,"5,052"
Bankislami Pak,19.75,19.76,19.96,19.73,19.79,0.04,"146,009"
Faysal BankXD,47.90,47.99,47.99,47.47,47.7,-0.2,"517,535"
Habib BankXD,158.05,159.0,159.8,157.6,158.66,0.61,"710,591"
Habib MetropolitanXD,88.09,88.68,88.68,88.04,88.04,-0.05,"2,052"
JS Bank Ltd,8.19,8.41,8.41,8.2,8.3,0.11,"2,861"
MCB Bank LtdXD,286.51,287.0,287.0,283.75,285.01,-1.5,"101,077"
Meezan Bank LtdXD,275.92,277.45,284.0,275.0,279.9,3.98,"659,720"
National BankXD,88.07,88.4,88.8,86.7,88.1,0.03,"830,202"
Soneri Bank Ltd,15.91,15.9,16.18,15.9,15.91,,"114,765"
St.Chart.Bank,59.46,58.15,60.59,58.15,59.89,0.43,"2,494"
United Bank,495.26,493.99,504.89,490.06,502.0,6.74,"807,325"
SCRIP,LDCP,OPEN,HIGH,LOW,CURRENT,CHANGE,VOLUME
Agha Steel Ind.,7.54,7.59,7.59,7.35,7.54,,"212,645"
Aisha Steel Mill,10.31,10.35,10.48,10.21,10.35,0.04,"277,857"
Amreli Steels,20.49,20.69,20.69,20.22,20.4,-0.09,"14,359"
Beco Steel Ltd,9.00,9.0,9.0,8.7,8.84,-0.16,"31,884"
Bolan Casting,92.72,92.3,93.0,90.11,92.11,-0.61,"13,601"
Crescent SteelXD,116.32,116.8,117.38,115.0,117.0,0.68,"192,784"
Dadex Eternit,63.18,63.0,63.0,63.0,63.0,-0.18,42
Dost Steels Ltd.,8.46,8.16,8.9,8.16,8.35,-0.11,"14,905"
Int. Ind.Ltd.,142.87,144.0,144.0,140.2,143.0,0.13,"33,934"
Inter.Steel Ltd,75.18,74.45,74.98,74.0,74.15,-1.03,"19,571"
Ittefaq Iron Ind,6.89,6.9,7.0,6.66,6.97,0.08,"48,778"
K.S.B.Pumps,165.13,162.3,166.9,162.3,166.0,0.87,"43,448"
Metro Steel,8.86,9.2,9.2,9.2,9.2,0.34,2
Mughal Iron,65.97,65.4,67.25,65.3,67.0,1.03,"176,942"
Pak Engineering,718.35,719.0,719.0,719.0,719.0,0.65,562
SCRIP,LDCP,OPEN,HIGH,LOW,CURRENT,CHANGE,VOLUME
HBL Total Treasury,117.65,117.7,117.7,117.7,117.7,0.05,600
JS Global Banking,21.93,22.0,23.15,22.0,22.12,0.19,"2,500"
JS Momentum,11.25,11.11,11.47,11.05,11.44,0.19,"120,500"
Mahaana Islamic,15.47,15.5,15.5,15.11,15.3,-0.17,"61,500"
Meezan Pakistan,17.29,17.18,17.4,17.05,17.26,-0.03,"19,500"
UBLPakistanETF,26.68,26.5,27.87,26.5,27.87,1.19,"5,500"
SCRIP,LDCP,OPEN,HIGH,LOW,CURRENT,CHANGE,VOLUME
Agritech Limited,50.97,54.69,56.07,52.75,56.07,5.1,"240,429"
Arif Habib Corp,10.85,10.8,10.89,10.61,10.8,-0.05,"255,478"
Engro FertertXD,179.16,177.0,178.5,176.61,177.79,-1.37,"241,730"
Fatima Fert,82.96,82.96,84.7,82.6,84.35,1.39,"165,290"
Fauji FertXD,368.79,369.9,374.48,365.01,372.66,3.87,"1,698,830"
SCRIP,LDCP,OPEN,HIGH,LOW,CURRENT,CHANGE,VOLUME
Al-Shaheer Corp,6.88,7.2,7.64,7.16,7.5,0.62,"8,574,873"
At-Tahur Ltd.,40.76,40.0,43.45,39.5,42.57,1.81,"9,774,218"
Barkat Frisian Agro,28.63,28.88,28.89,28.3,28.65,0.02,"257,737"
Big Bird Foods Ltd.,50.16,50.5,50.5,49.5,49.51,-0.65,"563,585"
Bunnys Limited,25.46,26.0,26.5,24.89,25.7,0.24,"387,140"
Clover Pakistan,37.02,37.19,37.28,36.15,37.15,0.13,"92,461"
Colgate Palm,"1,346.29",1346.0,1349.0,1325.0,1335.0,-11.29,"1,074"
Fauji Foods Ltd,14.49,14.65,14.85,14.45,14.76,0.27,"2,751,014"
Frieslandcampina,95.48,96.16,99.49,96.0,97.8,2.32,"1,184,321"
Gillette Pak,258.51,258.0,259.9,247.06,256.0,-2.51,286
Ismail Ind-,"1,668.33",1705.0,1709.7,1705.0,1709.7,41.37,8
Matco Foods Ltd,39.06,38.0,39.49,38.0,38.99,-0.07,140
MithchellsFruit,177.05,179.95,189.0,176.65,184.25,7.2,"39,967"
Murree Brewery,835.11,840.0,840.0,825.0,835.0,-0.11,23
National FoodsXD,251.22,253.0,256.0,250.25,252.0,0.78,"120,074"
Nestle Pakistan,"7,074.09",7074.09,7074.1,7074.09,7074.1,0.01,2
Quice Food,6.72,6.86,6.86,6.52,6.77,0.05,"106,076"
Rafhan Maize,"8,911.00",8899.9,8899.9,8899.9,8899.9,-11.1,2
Shezan Inter.,176.34,172.06,174.81,172.06,173.02,-3.32,245
Shield Corp.,278.63,278.0,278.0,278.0,278.0,-0.63,1
The Organic Meat,30.14,30.6,30.9,30.1,30.56,0.42,"213,616"
Treet Corp,19.23,19.25,19.3,18.91,19.23,,"1,339,790"
Unilever FoodsXD,"22,912.50",23199.0,23199.0,22500.0,22974.99,62.49,13
Unity Foods Ltd,26.13,26.15,27.15,26.13,27.13,1.0,"516,762"
ZIL Limited,282.89,283.49,288.5,283.49,288.5,5.61,58
SCRIP,LDCP,OPEN,HIGH,LOW,CURRENT,CHANGE,VOLUME
AGHA-MAY,7.57,7.5,7.5,7.49,7.5,-0.07,"16,000"
AGL-MAY,51.01,53.5,56.11,53.4,56.11,5.1,"51,000"
AIRLINK-MAY,155.63,156.25,157.0,155.7,156.0,0.37,"166,500"
ASL-MAY,10.48,10.42,10.55,10.25,10.55,0.07,"30,000"
AKBL-MAYB,44.27,44.26,44.26,44.0,44.0,-0.27,"11,500"
PREMA-MAY,40.82,40.0,43.8,40.0,42.8,1.98,"2,913,000"
ATRL-JUN,554.99,578.0,578.0,578.0,578.0,23.01,500
ATRL-MAY,560.47,564.99,578.99,552.05,573.0,12.53,"117,000"
AVN-MAY,47.41,47.5,48.0,46.64,47.4,-0.01,"189,500"
BOP-JUN,10.05,10.23,10.23,10.2,10.2,0.15,"2,002,000"
BOP-MAYB,10.00,10.02,10.15,9.95,10.09,0.09,"3,180,000"
BAFL-MAYB,75.02,74.0,75.1,74.0,74.95,-0.07,"12,500"
CEPB-MAY,22.78,23.54,23.54,23.54,23.54,0.76,500
CHCC-MAY,272.94,274.0,279.0,274.0,279.0,6.06,"7,000"
CPHL-MAY,78.33,82.5,83.7,81.0,82.75,4.42,"1,026,500"
CNERGY-MAY,7.38,7.25,7.37,7.2,7.35,-0.03,"297,000"
CSAP-MAYB,117.75,117.75,117.75,115.5,117.5,-0.25,"17,500"
DGKC-JUN,142.00,154.0,154.0,154.0,154.0,12.0,"1,000"
DGKC-MAY,151.42,151.99,154.99,149.1,153.8,2.38,"3,075,000"
DCL-MAY,10.51,10.59,10.8,10.37,10.7,0.19,"1,532,000"
DFML-MAY,32.96,34.78,36.26,34.0,36.26,3.3,"1,651,500"
EFERT-MAYC,179.89,179.0,179.0,179.0,179.0,-0.89,500
EPCL-MAY,30.00,30.45,30.45,30.45,30.45,0.45,"2,000"
FCCL-MAY,47.66,48.0,50.1,47.26,48.95,1.29,"9,350,000"
FFC-MAYC,371.16,382.0,382.0,368.0,374.5,3.34,"29,500"
FFL-MAY,14.58,14.7,14.93,14.52,14.85,0.27,"1,804,500"
FLYNG-JUN,41.66,45.83,45.83,45.83,45.83,4.17,500
FLYNG-MAY,41.35,43.0,45.49,42.32,45.49,4.14,"1,030,500"
FCEPL-MAYB,94.59,99.0,99.5,98.35,98.35,3.76,"41,000"
GAL-MAY,481.27,484.51,487.2,481.5,483.8,2.53,"320,000"
GHNI-MAY,710.91,711.01,718.0,695.0,700.0,-10.91,"133,500"
GCIL-MAY,17.53,17.45,18.3,17.45,18.3,0.77,"488,000"
GHGL-MAY,31.50,32.5,32.5,32.5,32.5,1.0,"2,500"
GGL-MAY,12.83,12.85,13.7,12.66,13.65,0.82,"501,000"
HBL-MAYC,159.42,159.0,159.58,159.0,159.0,-0.42,"50,500"
HUBC-MAY,139.40,139.5,141.25,138.01,140.3,0.9,"835,000"
HUMNL-MAY,12.75,12.9,12.9,12.9,12.9,0.15,500
IMAGE-MAYB,21.50,22.1,22.1,21.4,21.59,0.09,"22,000"
ISL-MAY,75.59,75.26,75.26,74.4,75.0,-0.59,"8,500"
ILP-MAY,57.35,58.1,58.1,58.1,58.1,0.75,"1,000"
JSBL-JUN,8.35,8.4,8.4,8.4,8.4,0.05,"20,000"
KEL-MAY,4.38,4.36,4.45,4.31,4.4,0.02,"441,500"
KOSM-MAY,5.14,5.34,5.34,5.11,5.25,0.11,"1,145,000"
LPL-MAY,24.38,24.1,24.1,24.1,24.1,-0.28,500
LOTCHEM-MAY,18.52,18.7,19.09,18.7,18.84,0.32,"16,000"
LUCK-MAYB,353.46,362.1,363.0,355.0,359.98,6.52,"424,500"
MLCF-MAY,76.23,76.9,77.58,75.01,76.35,0.12,"5,609,500"
MARI-MAY,655.87,658.0,658.0,651.0,654.0,-1.87,"85,000"
MEBL-MAYC,280.00,280.0,280.0,280.0,280.0,,"1,000"
MUGHAL-MAY,66.12,66.99,67.45,66.25,67.4,1.28,"109,500"
NBP-MAYB,88.67,88.0,89.4,87.63,88.5,-0.17,"40,500"
NRL-MAY,195.13,202.0,203.5,193.56,202.0,6.87,"171,500"
NETSOL-MAY,134.33,133.0,137.0,133.0,136.5,2.17,"125,000"
NCPL-MAYB,24.30,24.34,24.34,24.34,24.34,0.04,"1,000"
NML-MAY,115.00,112.5,114.0,112.5,114.0,-1.0,"11,000"
OCTOPUS-MAY,46.99,47.0,48.39,46.5,48.39,1.4,"71,500"
OGDC-MAYB,219.63,219.64,219.64,215.0,215.8,-3.83,"878,000"
PSO-MAY,388.07,389.0,389.0,381.5,383.45,-4.62,"711,000"
PTC-MAY,20.09,20.3,20.8,20.3,20.8,0.71,"384,000"
PACE-MAY,5.24,5.3,5.3,5.24,5.3,0.06,"70,000"
PAEL-MAY,45.46,45.5,46.1,45.02,45.99,0.53,"1,429,000"
PIBTL-JUN,8.80,8.8,8.8,8.8,8.8,,"110,000"
PIBTL-MAY,8.68,8.7,8.79,8.52,8.63,-0.05,"712,500"
PPL-MAYB,168.30,170.03,171.75,168.05,168.7,0.4,"1,064,000"
PRL-MAY,29.71,29.8,30.62,29.1,30.55,0.84,"2,087,500"
PAKRI-MAYB,12.35,12.15,12.53,12.0,12.37,0.02,"96,000"
PIAHCLA-MAY,14.88,15.4,16.37,15.4,16.05,1.17,"3,404,500"
POWER-MAY,15.23,15.25,15.6,15.05,15.29,0.06,"1,339,500"
SAZEW-MAYB,"1,323.91",1315.1,1343.95,1312.0,1335.01,11.1,"149,000"
SNGP-MAYB,123.59,124.99,124.99,121.26,122.6,-0.99,"1,132,000"
SSGC-MAY,32.72,35.9,35.9,34.85,35.3,2.58,"11,783,000"
SYM-MAY,14.32,14.48,15.22,14.3,15.0,0.68,"552,500"
TELE-MAY,7.01,7.0,7.02,6.95,6.97,-0.04,"185,500"
THCCL-MAY,178.01,182.99,183.0,181.5,183.0,4.99,"321,500"
TOMCL-MAY,30.31,30.36,31.0,30.31,30.8,0.49,"111,000"
SEARL-JUN,84.17,86.0,86.0,86.0,86.0,1.83,500
SEARL-MAY,82.42,84.0,86.45,82.01,85.76,3.34,"802,500"
TPLP-MAY,8.32,8.37,8.38,8.29,8.31,-0.01,"45,000"
TREET-MAY,19.33,19.4,19.4,19.01,19.34,0.01,"577,500"
TRG-MAY,63.61,64.8,65.05,63.51,64.5,0.89,"749,500"
UBL-MAYB,498.53,500.0,505.0,490.0,503.0,4.47,"54,000"
UNITY-MAY,26.25,26.25,27.22,26.25,27.2,0.95,"64,000"
WAVES-MAY,7.55,7.67,7.67,7.5,7.58,0.03,"5,500"
WAVESAPP-MAY,9.08,9.15,9.2,8.93,9.08,,"51,000"
WTL-MAY,1.27,1.34,1.34,1.26,1.27,,"128,000"
YOUW-MAY,3.60,3.94,3.94,3.63,3.63,0.03,"102,500"
SCRIP,LDCP,OPEN,HIGH,LOW,CURRENT,CHANGE,VOLUME
Bal.Glass,8.72,8.56,8.97,8.51,8.69,-0.03,"78,755"
Frontier Ceram,26.30,27.88,28.93,27.88,28.93,2.63,"33,465"
Ghani Glass Ltd,31.96,32.0,32.6,31.55,32.6,0.64,"548,545"
Ghani Value GlassXD,46.42,46.17,47.45,46.16,46.7,0.28,"3,128"
GhaniGlobalGlass,8.54,8.57,8.74,8.35,8.68,0.14,"517,160"
Karam Ceramics,49.90,54.23,54.23,54.23,54.23,4.33,1
Shabbir Tiles,12.35,12.48,12.48,12.4,12.4,0.05,"2,080"
Tariq Glass Ind.XD,206.25,208.0,213.8,191.0,212.0,5.75,"130,926"
SCRIP,LDCP,OPEN,HIGH,LOW,CURRENT,CHANGE,VOLUME
Adamjee Ins.,47.01,47.5,47.5,46.5,47.3,0.29,"18,011"
Adamjee Life Ass.,23.99,23.5,24.4,23.5,24.4,0.41,4
Atlas Ins. Ltd,59.24,59.0,59.0,58.89,58.89,-0.35,"3,003"
Century Ins.,37.19,36.51,39.95,35.5,36.01,-1.18,"6,540"
Cres.Star Ins.,2.61,2.74,2.74,2.61,2.61,,"20,125"
East West Insurance,57.29,60.0,60.0,60.0,60.0,2.71,1
EFU General,116.42,119.95,121.98,117.01,120.1,3.68,"1,042"
EFU Life AssuranceXD,140.87,140.8,140.8,139.01,140.7,-0.17,"1,580"
Habib Ins.,7.67,7.75,7.9,7.58,7.6,-0.07,"66,883"
IGI Holdings,174.19,174.9,174.9,172.0,172.35,-1.84,706
Jubile Life Ins,134.04,134.98,134.98,134.98,134.98,0.94,8
Jubilee Gen.Ins,51.06,50.01,51.45,50.01,50.51,-0.55,"77,085"
Pak Reinsurance,12.11,12.25,12.49,12.06,12.3,0.19,"229,825"
PICIC Ins.Ltd.,3.09,3.34,3.34,3.1,3.1,0.01,"28,997"
Reliance Ins.XB,10.19,9.53,10.49,9.53,10.4,0.21,"10,159"
Shaheen Ins.XB,5.30,5.49,5.49,5.44,5.45,0.15,"2,001"
TPL Insurance,8.07,8.47,8.47,8.47,8.47,0.4,6
TPL Life Insurance,46.80,46.0,47.95,42.2,47.95,1.15,"3,740"
United InsuranceXB,17.10,17.39,17.4,17.39,17.4,0.3,"1,000"
Universal Ins.,8.83,9.23,9.23,9.23,9.23,0.4,1
SCRIP,LDCP,OPEN,HIGH,LOW,CURRENT,CHANGE,VOLUME
786 Invest Ltd,7.94,7.94,7.94,7.94,7.94,,833
AKD Securites,19.94,19.94,19.98,19.51,19.51,-0.43,"12,470"
Arif Habib Limited.,66.95,65.71,67.48,65.5,67.48,0.53,"24,930"
Calcorp Limited,41.26,45.39,45.39,45.39,45.39,4.13,2
Cyan LimitedXD,28.87,29.0,29.0,28.87,29.0,0.13,"4,437"
Dawood Equities,8.30,8.65,8.65,8.65,8.65,0.35,1
Dawood Law,217.10,220.0,220.0,220.0,220.0,2.9,80
DH Partners Ltd.XD,33.47,34.4,34.4,32.52,33.27,-0.2,"2,721"
Engro Holdings,164.52,164.8,164.8,162.51,163.0,-1.52,"507,019"
Escorts Bank,6.16,6.0,6.05,6.0,6.0,-0.16,"54,000"
F. Nat.Equities,3.08,3.1,3.1,3.03,3.03,-0.05,"122,854"
F.Credit & Inv,7.99,7.41,7.43,7.4,7.43,-0.56,"4,000"
First Dawood Prop,2.21,2.2,2.28,2.2,2.28,0.07,"2,003"
Intermarket Sec.XD,53.84,53.83,54.99,52.6,53.0,-0.84,"3,810"
Invest Bank,1.37,1.33,1.4,1.33,1.4,0.03,13
Ist.Capital Sec,1.45,1.38,1.45,1.32,1.45,,"196,522"
Jah.Sidd. Co.,16.55,16.59,16.89,16.31,16.7,0.15,"33,788"
JS Global Cap.,104.75,109.0,109.0,104.0,104.0,-0.75,150
JS Investments,22.00,21.5,21.5,21.5,21.5,-0.5,100
LSE Capital Ltd.,5.05,5.14,5.14,4.5,4.98,-0.07,"20,200"
LSE Fin. Services,19.99,20.95,21.67,20.95,21.67,1.68,"61,728"
LSE Ventures Ltd,10.01,9.58,9.58,9.58,9.58,-0.43,1
MCB Inv MGT,93.00,93.9,93.9,93.9,93.9,0.9,1
Next Capital,7.83,7.52,7.99,7.52,7.99,0.16,"1,201"
Pak Stock Exchange,25.62,25.89,25.89,25.3,25.5,-0.12,"259,689"
Pervez Ahmed Co,1.07,1.15,1.15,1.07,1.08,0.01,"89,800"
PIA Holding Company,14.80,16.07,16.22,15.5,15.96,1.16,"5,084,913"
PIA Holding CompanyB,"9,359.63",10295.59,10295.59,10295.59,10295.59,935.96,32
SCRIP,LDCP,OPEN,HIGH,LOW,CURRENT,CHANGE,VOLUME
Crescent Jute,3.10,3.25,3.25,3.08,3.12,0.02,"6,125"
SCRIP,LDCP,OPEN,HIGH,LOW,CURRENT,CHANGE,VOLUME
Pak Gulf LeasingXD,21.43,21.97,21.97,20.01,20.01,-1.42,18
SCRIP,LDCP,OPEN,HIGH,LOW,CURRENT,CHANGE,VOLUME
Bata (Pak) Ltd.,"1,569.99",1569.99,1578.89,1506.0,1569.0,-0.99,161
Leather Up Ltd.,27.53,25.51,27.0,25.51,27.0,-0.53,415
Service Global,76.04,77.0,77.0,76.5,76.5,0.46,"3,953"
Service Ind.Ltd,998.88,999.0,1020.0,990.0,1015.0,16.12,"67,498"
SCRIP,LDCP,OPEN,HIGH,LOW,CURRENT,CHANGE,VOLUME
AKD Hospitality,130.08,128.01,132.32,128.01,132.32,2.24,103
AL-Khair Gadoon,44.05,48.45,48.45,48.45,48.45,4.4,3
Diamond Ind.,25.13,22.62,26.23,22.62,26.23,1.1,945
ECOPACK Ltd,34.30,35.5,35.5,33.62,34.01,-0.29,"1,813"
Gammon Pak,25.73,25.01,26.49,24.6,25.2,-0.53,"73,801"
Mandviwala,17.19,18.35,18.35,17.2,18.0,0.81,"1,455"
Olympia Mills,50.66,50.7,55.0,50.7,54.45,3.79,"2,108"
Pakistan Alumin,108.30,110.94,110.98,108.0,108.0,-0.3,"23,022"
Shifa Int.Hospital,451.22,452.0,452.0,445.0,447.01,-4.21,"2,503"
Siddiqsons Tin,5.16,5.3,5.3,5.06,5.2,0.04,"66,189"
Tri-Pack Films,118.21,119.52,122.0,119.1,122.0,3.79,302
UDL Int.Ltd.,7.90,8.0,8.22,7.6,7.6,-0.3,"3,530"
United Brands,22.87,22.9,25.0,22.9,24.9,2.03,"145,513"
United DistributorXD,61.80,60.45,61.97,60.45,60.52,-1.28,13
SCRIP,LDCP,OPEN,HIGH,LOW,CURRENT,CHANGE,VOLUME
B.F.Modaraba,8.34,8.99,9.34,8.97,9.3,0.96,"49,857"
Elite Cap.Mod,20.00,18.07,19.95,18.07,19.95,-0.05,110
Equity Modaraba,3.10,3.0,3.0,3.0,3.0,-0.1,"5,000"
F.Treet Manuf,3.92,4.18,4.28,4.18,4.28,0.36,"3,200"
Habib Modaraba,21.11,21.21,21.5,21.21,21.5,0.39,265
I.B.L.Modarab,3.00,3.19,3.5,3.19,3.45,0.45,"20,500"
Imrooz Modaraba,187.88,0,0,0,0,,100
Paramount Mod,6.91,7.5,7.79,7.5,7.79,0.88,501
Popular Islamic,13.78,15.03,15.03,13.76,13.76,-0.02,15
Prud Mod.1st,1.99,2.0,2.0,1.92,1.95,-0.04,"7,276"
Punjab Mod,2.77,2.92,2.92,2.8,2.89,0.12,"7,002"
Sindh Modaraba,11.05,11.05,11.05,11.05,11.05,,176
Tri-Star 1st Mod.,12.40,12.4,12.4,12.1,12.1,-0.3,11
Trust Modaraba,4.79,4.89,4.89,4.66,4.66,-0.13,"2,106"
Unicap Modaraba,2.94,2.83,2.94,2.81,2.94,,"2,305"
SCRIP,LDCP,OPEN,HIGH,LOW,CURRENT,CHANGE,VOLUME
Mari Energies Ltd.,652.96,652.1,655.0,648.0,652.0,-0.96,"555,586"
Oil & Gas DevXD,218.66,217.9,217.9,213.99,215.0,-3.66,"2,799,633"
Pak Oilfields,540.47,536.07,541.89,536.0,537.5,-2.97,"46,259"
Pak PetroleumXD,168.03,169.99,170.9,167.11,168.0,-0.03,"4,200,395"
SCRIP,LDCP,OPEN,HIGH,LOW,CURRENT,CHANGE,VOLUME
Attock Petroleum,451.53,451.53,454.9,451.53,451.53,,"2,653"
Burshane LPG,28.48,28.01,28.01,27.25,27.36,-1.12,"21,102"
Hascol Petrol,10.12,10.1,10.15,9.98,10.06,-0.06,"1,704,394"
HI-Tech Lub.,39.60,39.6,39.9,39.01,39.45,-0.15,"23,792"
Oilboy Energy,9.23,9.25,9.26,9.0,9.16,-0.07,"16,447"
P.S.O.,386.10,388.11,388.11,379.6,381.35,-4.75,"1,342,265"
Sui North GasXD,122.97,123.0,123.5,120.65,122.2,-0.77,"2,709,176"
Sui South Gas,32.79,36.07,36.07,34.9,35.2,2.41,"14,569,999"
Wafi Energy PakXD,165.97,166.0,171.1,166.0,170.49,4.52,"53,674"
SCRIP,LDCP,OPEN,HIGH,LOW,CURRENT,CHANGE,VOLUME
Century Paper,22.71,22.99,23.89,22.6,23.5,0.79,"149,274"
Cherat Packaging,99.51,97.1,99.0,97.1,98.99,-0.52,"25,618"
Int. Packaging Films,21.21,21.25,21.25,21.0,21.0,-0.21,"31,190"
MACPAC Films,14.80,14.71,14.9,14.6,14.79,-0.01,"13,072"
Merit Packaging,9.55,9.8,9.8,8.55,9.01,-0.54,"171,359"
Packages Ltd.,529.96,525.0,525.0,515.0,522.5,-7.46,319
Pak Paper Prod,147.28,142.1,147.0,142.0,147.0,-0.28,"1,880"
Roshan Packages,14.56,14.52,14.54,14.3,14.5,-0.06,"14,087"
Security Paper,156.77,156.0,156.0,155.0,155.0,-1.77,"3,883"
SPEL LimitedXD,40.40,40.85,41.52,40.4,41.1,0.7,"537,702"
SCRIP,LDCP,OPEN,HIGH,LOW,CURRENT,CHANGE,VOLUME
Abbott Lab.,950.75,950.76,959.0,950.76,954.0,3.25,639
AGP Limited,184.75,184.75,185.0,182.01,183.92,-0.83,"45,907"
BF Biosciences,154.48,158.98,159.0,155.5,156.01,1.53,"501,198"
Citi Pharma Ltd,78.24,81.0,82.88,81.0,82.3,4.06,"2,473,370"
Ferozsons (Lab),291.53,291.0,294.8,288.0,290.01,-1.52,"4,387"
GlaxoSmithKline,375.63,378.0,378.0,366.2,369.88,-5.75,"323,732"
Haleon Pakistan,740.93,747.0,748.43,739.0,739.0,-1.93,"3,099"
Highnoon (Lab),914.79,902.0,908.76,901.1,908.5,-6.29,"11,164"
Hoechst Pak Ltd,"3,397.93",3204.02,3459.0,3203.33,3459.0,61.07,29
IBL HealthCare,35.24,35.55,38.6,34.52,37.6,2.36,"703,856"
Liven Pharma,58.61,60.99,60.99,57.8,59.48,0.87,"5,555"
Macter Int. Ltd,351.67,351.67,351.67,340.0,340.0,-11.67,"2,475"
Otsuka Pak,189.53,189.51,192.0,189.4,192.0,2.47,"1,639"
The Searle Company,82.57,83.0,86.0,81.59,85.39,2.82,"2,547,325"
SCRIP,LDCP,OPEN,HIGH,LOW,CURRENT,CHANGE,VOLUME
Altern Energy,12.10,12.05,12.1,11.9,11.9,-0.2,"295,998"
Engro Powergen,28.07,28.14,28.45,27.97,27.99,-0.08,"188,095"
Hub Power Co.,138.71,138.5,140.5,137.6,139.8,1.09,"3,968,022"
K-Electric Ltd.,4.34,4.31,4.45,4.29,4.35,0.01,"3,789,363"
Kohinoor Energy,16.59,16.89,16.99,16.8,16.99,0.4,"113,910"
Kot Addu Power,31.48,31.48,31.5,31.12,31.32,-0.16,"72,659"
Lalpir Power,24.02,23.9,24.45,23.9,24.2,0.18,"109,732"
Nishat ChunPowerXD,24.05,24.24,24.26,24.0,24.26,0.21,"87,592"
Nishat PowerXD,36.53,36.53,36.8,36.0,36.5,-0.03,"49,628"
Pakgen PowerXD,120.53,122.0,122.0,119.0,120.0,-0.53,24
S.G.Power,7.00,7.12,7.4,7.12,7.2,0.2,"1,442,563"
Saif Power Ltd,11.42,11.49,11.55,11.39,11.5,0.08,"40,605"
Tri-Star Power,6.50,6.55,7.3,6.55,6.84,0.34,"2,096,146"
SCRIP,LDCP,OPEN,HIGH,LOW,CURRENT,CHANGE,VOLUME
B.R.R Guardia Ltd,21.38,23.45,23.45,20.11,20.11,-1.27,3
Javedan Corp.,59.80,60.49,60.5,57.0,59.25,-0.55,"28,084"
Pace (Pak) Ltd.,5.23,5.23,5.28,5.18,5.18,-0.05,"338,272"
TPL Properties,8.26,8.31,8.42,8.2,8.27,0.01,"641,130"
SCRIP,LDCP,OPEN,HIGH,LOW,CURRENT,CHANGE,VOLUME
Dolmen City,26.01,26.5,26.5,25.95,26.01,,"178,186"
Globe Residency,15.70,17.0,17.0,15.42,15.49,-0.21,"9,772"
TPL REIT Fund I,13.80,13.0,13.0,13.0,13.0,-0.8,100
SCRIP,LDCP,OPEN,HIGH,LOW,CURRENT,CHANGE,VOLUME
Attock Refinery,557.41,560.0,578.0,550.0,572.01,14.6,"275,433"
Cnergyico PK,7.33,7.25,7.34,7.17,7.3,-0.03,"3,196,343"
National Refinery,193.96,193.8,202.8,192.0,201.0,7.04,"375,004"
Pak Refinery,29.55,29.6,30.55,29.02,30.45,0.9,"5,961,559"
SCRIP,LDCP,OPEN,HIGH,LOW,CURRENT,CHANGE,VOLUME
Abdullah Shah,5.68,5.55,5.84,5.51,5.63,-0.05,"1,003"
Adam Sugar,49.91,50.5,50.5,50.5,50.5,0.59,7
Al-Abbas Sugar,782.47,805.0,805.0,761.1,805.0,22.53,401
AL-Noor Sugar,75.88,77.92,78.0,77.92,78.0,2.12,112
Chashma Sugar,65.97,65.99,71.5,65.99,71.5,5.53,"3,631"
Dewan Sugar,5.57,5.75,5.75,5.52,5.52,-0.05,2
Habib Sugar,72.74,71.01,72.73,71.01,72.73,-0.01,107
Haseeb Waqas Sugar,9.59,10.24,10.24,9.4,9.4,-0.19,"26,504"
J.D.W.Sugar,913.82,913.82,940.0,900.1,940.0,26.18,49
Jauharabad Sug,45.20,45.0,45.0,43.0,43.0,-2.2,"39,989"
Mirpurkhas Sugar,27.92,28.0,29.0,28.0,28.5,0.58,"3,800"
Sakrand Sugar,11.83,11.9,11.9,11.75,11.75,-0.08,"7,253"
Sanghar Sugar,55.39,57.85,60.0,52.1,52.1,-3.29,"1,004"
Shahmurad Sugar,359.46,361.68,361.68,361.68,361.68,2.22,116
Shakarganj Limited,68.07,68.07,71.99,64.16,66.25,-1.82,"3,159"
Tandlianwala Sugar,152.16,167.38,167.38,137.01,167.38,15.22,524
Tariq Corp Ltd.,14.61,14.9,15.1,14.9,15.0,0.39,"17,000"
Tariq Corp(Pref),8.11,8.99,8.99,8.99,8.99,0.88,1
Thal Ind.Corp.,321.01,333.0,333.0,333.0,333.0,11.99,1
SCRIP,LDCP,OPEN,HIGH,LOW,CURRENT,CHANGE,VOLUME
Gatron Ind.,112.43,112.43,112.43,109.0,110.0,-2.43,"1,517"
Image PakistanXD,21.38,21.5,21.95,21.17,21.5,0.12,"199,377"
National Silk,42.05,37.85,46.25,37.85,40.25,-1.8,102
Pak Synthetics,46.98,47.97,49.0,47.97,49.0,2.02,"7,230"
Rupali Polyester,14.81,14.98,14.99,14.98,14.99,0.18,"2,000"
SCRIP,LDCP,OPEN,HIGH,LOW,CURRENT,CHANGE,VOLUME
Air Link Commun,154.88,155.8,157.0,154.9,155.0,0.12,"269,232"
Avanceon Ltd,47.20,47.5,47.9,46.25,47.21,0.01,"542,617"
Hum Network,12.93,12.81,12.81,12.66,12.75,-0.18,"38,862"
Media Times Ltd,1.82,1.76,1.94,1.73,1.9,0.08,"140,762"
Netsol Tech.,134.11,135.0,137.0,133.1,136.0,1.89,"348,702"
Octopus Digital,46.92,47.58,48.47,46.12,48.25,1.33,"196,337"
P.T.C.L.,20.13,20.13,20.8,20.13,20.65,0.52,"2,345,611"
Pak Datacom,103.74,106.0,106.0,100.86,101.2,-2.54,"6,153"
Supernet Technologie,800.00,799.99,800.0,799.99,799.99,-0.01,20
Symmetry Group Ltd,14.23,14.34,15.18,14.23,14.94,0.71,"3,160,657"
Systems LimitedXD,537.33,543.0,543.0,536.0,542.5,5.17,"32,229"
Telecard Limited,6.99,6.91,7.03,6.88,6.95,-0.04,"682,882"
TPL Corp Ltd,4.36,4.49,4.49,4.27,4.38,0.02,"238,228"
TPL Trakker Ltd,6.59,6.75,6.75,5.9,6.15,-0.44,"723,670"
TRG Pak Ltd,63.29,64.02,65.0,63.49,64.19,0.9,"1,045,554"
WorldCall Telecom,1.26,1.26,1.27,1.24,1.26,,"7,874,775"
Zarea Limited,15.62,15.65,15.8,15.5,15.7,0.08,"158,716"
SCRIP,LDCP,OPEN,HIGH,LOW,CURRENT,CHANGE,VOLUME
AN Textile Mill,9.79,10.79,10.79,10.0,10.79,1.0,"5,221"
Artistic Denim,39.51,38.91,39.05,38.8,39.0,-0.51,"1,601"
Aruj Industries,7.71,8.16,8.16,7.74,8.05,0.34,8
Azgard Nine,7.63,7.6,7.72,7.52,7.68,0.05,"54,113"
Chenab Limited,6.15,6.0,6.23,5.76,6.18,0.03,108
Chenab Ltd.(Pre,2.46,2.46,2.48,2.35,2.48,0.02,194
Crescent Tex.,13.40,13.26,13.26,13.26,13.26,-0.14,200
Fazal Cloth,133.76,133.76,140.4,126.14,140.4,6.64,"1,090"
Feroze 1888,60.03,60.0,60.0,60.0,60.0,-0.03,10
Ghazi Fabrics,10.17,10.5,11.18,10.01,10.2,0.03,"132,386"
Gul Ahmed,22.53,22.51,22.81,22.45,22.51,-0.02,"4,246"
Hala Enterprise,10.95,10.75,10.75,10.75,10.75,-0.2,"5,000"
Int.Knitwear,14.26,14.5,14.5,14.5,14.5,0.24,1
Interloop Ltd.,57.12,57.5,57.5,56.28,56.55,-0.57,"63,607"
Khyber Textile,889.21,978.13,978.13,978.13,978.13,88.92,11
Kohinoor Ind.,10.08,10.1,10.1,10.0,10.0,-0.08,"3,191"
Kohinoor Mills,31.92,34.95,35.11,34.95,35.11,3.19,"1,885"
Kohinoor Textile,156.49,160.0,160.0,155.5,155.5,-0.99,102
Mehmood Tex.,316.11,316.0,316.0,310.0,316.0,-0.11,142
Nishat (Chun.),36.45,36.2,36.21,36.0,36.0,-0.45,"10,081"
Nishat Mills Ltd,113.79,113.99,115.0,112.1,114.0,0.21,"264,137"
Paramount Sp,3.36,3.59,3.59,3.24,3.59,0.23,"1,919"
Quetta Textile,11.63,11.05,11.62,11.05,11.1,-0.53,54
Sapphire Fiber,"1,069.00",1057.5,1057.5,1057.5,1057.5,-11.5,2
Sapphire Tex.,"1,100.00",1073.6,1073.6,1073.6,1073.6,-26.4,2
Shams Textile,25.04,26.0,26.75,26.0,26.75,1.71,"2,207"
Stylers Int.Ltd.XD,39.00,40.87,40.87,40.87,40.87,1.87,1
Suraj Cotton Mills,112.10,112.1,115.0,112.1,115.0,2.9,750
Towellers Limited,121.47,124.0,124.0,115.0,121.0,-0.47,"6,142"
SCRIP,LDCP,OPEN,HIGH,LOW,CURRENT,CHANGE,VOLUME
Ali Asghar Textile,41.05,42.0,42.0,41.0,41.0,-0.05,2
Amtex Limited,2.65,2.76,2.78,2.65,2.74,0.09,"11,150"
Arctic Textile,19.53,19.12,19.7,19.0,19.7,0.17,"3,685"
Asim Textile,12.95,13.0,13.9,13.0,13.9,0.95,"50,000"
Bilal Fibres,19.59,18.5,19.45,18.5,19.0,-0.59,"34,490"
Chakwal Spinning,45.03,46.0,47.99,42.26,46.98,1.95,"189,373"
Colony Tex.Mills Ltd,3.52,3.6,3.64,3.52,3.52,,"18,554"
D.S. Ind. Ltd.,4.51,4.57,4.57,4.22,4.46,-0.05,"20,922"
Dewan Farooque Sp.,3.07,2.96,3.08,2.96,2.96,-0.11,"6,250"
Dewan Mushtaq,9.80,8.86,9.01,8.86,9.0,-0.8,965
Gadoon Textile,300.21,310.4,327.0,308.99,324.0,23.79,"17,280"
Gulistan Sp.,7.90,7.26,8.44,7.11,7.5,-0.4,"10,181"
Hira Textile,3.06,3.2,3.2,3.07,3.1,0.04,"86,209"
Idrees Textile,16.93,16.9,16.9,16.9,16.9,-0.03,585
Indus Dyeing,141.25,143.9,144.0,140.5,142.0,0.75,"31,807"
J.A.Textile,20.35,20.5,21.83,20.5,21.5,1.15,"2,920"
Khalid Siraj,7.70,7.71,7.71,7.71,7.71,0.01,1
Kohinoor Spining,5.16,5.22,5.28,5.05,5.18,0.02,"2,266,967"
Reliance Cotton,423.63,464.63,464.63,440.05,452.98,29.35,73
Ruby Textile,7.22,7.0,7.22,7.0,7.22,,15
Sally Textile,7.80,8.0,8.0,8.0,8.0,0.2,500
Sana Ind.,23.46,0,0,0,0,,483
Saritow Spinning,13.10,12.9,12.9,11.82,12.14,-0.96,"11,000"
Service Ind Tex,12.06,12.74,12.74,12.61,12.61,0.55,515
Sunrays Textile,204.38,213.0,217.35,196.06,212.99,8.61,"21,479"
Tata Textile,40.02,40.0,41.9,40.0,41.69,1.67,609
SCRIP,LDCP,OPEN,HIGH,LOW,CURRENT,CHANGE,VOLUME
Ashfaq Textile,13.26,14.4,14.4,14.4,14.4,1.14,50
ICC Industries,10.10,10.44,10.44,9.74,9.74,-0.36,403
Shahtaj Textile,70.00,63.95,63.95,63.95,63.95,-6.05,1
Yousuf Weaving,3.61,3.65,3.65,3.55,3.6,-0.01,"302,974"
SCRIP,LDCP,OPEN,HIGH,LOW,CURRENT,CHANGE,VOLUME
Khyber Tobacco,356.92,351.11,363.0,351.11,354.01,-2.91,"10,490"
Pak TobaccoXD,"1,185.00",1171.01,1189.55,1171.01,1180.0,-5.0,294
Philip Morris Pak.,"1,081.19",1095.99,1095.99,1075.0,1080.0,-1.19,100
SCRIP,LDCP,OPEN,HIGH,LOW,CURRENT,CHANGE,VOLUME
Cordoba Logist,14.42,14.73,15.59,13.71,15.0,0.58,"40,930"
P.N.S.C,258.62,259.01,261.99,257.0,258.0,-0.62,"10,726"
Pak Int.Bulk,8.64,8.62,8.7,8.46,8.6,-0.04,"2,738,678"
Pak.Int.Container,38.59,38.5,38.53,38.11,38.45,-0.14,"16,687"
Secure Logistics Gro,15.08,15.14,15.39,15.0,15.23,0.15,"599,697"
SCRIP,LDCP,OPEN,HIGH,LOW,CURRENT,CHANGE,VOLUME
Punjab Oil,205.86,210.0,210.0,190.03,198.15,-7.71,"4,079"
S.S.Oil,690.80,750.0,759.88,740.0,759.88,69.08,"31,528"
SCRIP,LDCP,OPEN,HIGH,LOW,CURRENT,CHANGE,VOLUME
Bannu Woollen,30.65,30.0,30.98,30.0,30.18,-0.47,"5,410"
